<?xml version="1.0" encoding="UTF-8" ?>
<root>
    <Arc Use="0" Path="LauncherCfg\ArcInstall.exe" />
    <StartGameNoCheck NoCheck="0" />
    <window caption="War of the Immortals" P2spGameId="12" filepath="LauncherCfg\PatchUI\bg.bmp" rect="0,0,0,0" languagecodepage="936" NorthAmerica="1" />
    <VersionFont position="955,1182" size="14,0" style="Arial" color="158,135,102" />
    <InformationFont position="854,1157" size="14,0" style="Arial" color="158,135,102" pitch="17" />
    <progressbar filepath="LauncherCfg\PatchUI\progressbar.bmp" rect="852, 1109" />
    <progressbar2 filepath="LauncherCfg\PatchUI\progressBar2.bmp" rect="852, 1135" />
    <browser url="http://woi.vision/site/launcher" rect="879, 869, 355, 205" />
    <browser1 url="" rect="1, 1, 124, 75" />
    <browser2 url="" rect="1, 1, 124, 75" />
    <UpdateBtn tip="Click to update game server." filepath="LauncherCfg\PatchUI\btn_update.bmp" />
    <DownloadAni path1="\LauncherCfg\PatchUI\download.html" path2="\LauncherCfg\PatchUI\downloadstop.html" rect="9, 9, 56, 13" />
    <Normalbutton>
        <btn name="" tip="Start" filepath="LauncherCfg\PatchUI\btn_ok.bmp" rect="1292, 1124, 64, 64" url="" />
        <btn name="" tip="Exit" filepath="LauncherCfg\PatchUI\btn_exit.bmp" rect="1437, 708, 33, 33" url="" />
        <btn name="" tip="Minimize" filepath="LauncherCfg\PatchUI\btn_minimize.bmp" rect="1397, 708, 33, 33" url="" />
        <btn name="" tip="Choose Nei" filepath="LauncherCfg\PatchUI\btn_set.bmp" rect="11, 11, 72, 27" url="" />
        <btn name="" tip="Visit Registration Page" filepath="LauncherCfg\PatchUI\btn_regedit.bmp" rect="852, 812, 78, 32" url="http://woi.vision/site/register" />
        <btn name="" tip="Enter the official WOI Website" filepath="LauncherCfg\PatchUI\btn_offical.bmp" rect="1175, 812, 78, 32" url="http://woi.vision/" />
        <btn name="" tip="Enter the WOI Forums" filepath="LauncherCfg\PatchUI\btn_forum.bmp" rect="1095, 812, 78, 32" url="http://thisisour.vision/forumdisplay.php?277-WOI-Destruction" />
        <btn name="" tip="Visit PWE Support Page" filepath="LauncherCfg\PatchUI\btn_service.bmp" rect="1015, 812, 78, 32" url="http://woi.vision/site/login" />
        <btn name="" tip="Facebook" filepath="LauncherCfg\PatchUI\btn_pay.bmp" rect="935, 812, 78, 32" url="http://woi.vision/" />
        <btn name="" tip="Manually install patch" filepath="LauncherCfg\PatchUI\btn_patch.bmp" rect="1141, 1102, 118, 30" url="" />
        <btn name="" tip="Resources compression" filepath="LauncherCfg\PatchUI\btn_pack.bmp" rect="1141, 1132, 118, 30" url="" />
        <btn name="" tip="SENDKEY" filepath="" rect="750, 454, 78, 28" url="" />
        <btn name="" tip="Facebook" filepath="LauncherCfg\PatchUI\Btn_FBad.bmp" rect="1, 1, 147, 70" url="http://woi.vision/" />
    </Normalbutton>
    <AreaButton>
        <btn name="" tip="area1" filepath="LauncherCfg\PatchUI\btn_select1.bmp" rect="1, 1, 100, 30" url="" />
        <btn name="" tip="area2" filepath="LauncherCfg\PatchUI\btn_select2.bmp" rect="1, 1, 100, 30" url="" />
        <btn name="" tip="area3" filepath="LauncherCfg\PatchUI\btn_select3.bmp" rect="1, 1, 100, 30" url="" />
        <btn name="" tip="area4" filepath="LauncherCfg\PatchUI\btn_select4.bmp" rect="1, 1, 100, 30" url="" />
        <btn name="" tip="area5" filepath="LauncherCfg\PatchUI\btn_select5.bmp" rect="1, 1, 100, 30" url="" />
        <btn name="" tip="area6" filepath="LauncherCfg\PatchUI\btn_select6.bmp" rect="1, 1, 100, 30" url="" />
        <btn name="" tip="area7" filepath="LauncherCfg\PatchUI\btn_select7.bmp" rect="1, 1, 0, 0" url="" />
        <btn name="" tip="area8" filepath="LauncherCfg\PatchUI\btn_select8.bmp" rect="1, 1, 0, 0" url="" />
        <btn name="" tip="area9" filepath="LauncherCfg\PatchUI\btn_select9.bmp" rect="1, 1, 0, 0" url="" />
        <btn name="" tip="area10" filepath="LauncherCfg\PatchUI\btn_select10.bmp" rect="1, 1, 0, 0" url="" />
        <btn name="" tip="area11" filepath="LauncherCfg\PatchUI\btn_select11.bmp" rect="1, 1, 0, 0" url="" />
        <btn name="" tip="area12" filepath="LauncherCfg\PatchUI\btn_select12.bmp" rect="1, 1, 0, 0" url="" />
    </AreaButton>
    <lineSelectDlg>
        <image file="LauncherCfg\PatchUI\LineSelect.bmp" />
        <button>
            <telecom imagefile="LauncherCfg\PatchUI\btn_telecom.bmp" rect="1, 1, 91, 25" tip="N/A电信" />
            <netcom imagefile="LauncherCfg\PatchUI\btn_netcom.bmp" rect="1, 1, 91, 25" tip="N/A网通" />
            <OK imagefile="LauncherCfg\PatchUI\btn_OK1.bmp" rect="1, 1, 50, 40" tip="Done" />
        </button>
    </lineSelectDlg>
    <AgreementDlg show="0">
        <image file="LauncherCfg\PatchUI\UserAgree.bmp" />
        <browser url="LauncherCfg\UserAgreement.htm" rect="1, 1, 467, 291" bLocal="1" />
        <button>
            <AgreeBtn imagefile="LauncherCfg\PatchUI\Agree.bmp" rect="1, 1, 61, 45" tip="Accept" />
            <DisAgreeBtn imagefile="LauncherCfg\PatchUI\DisAgree.bmp" rect="1, 1, 61, 45" tip="Cancel" />
        </button>
    </AgreementDlg>
    <AgreementDlgTest show="1">
        <image file="LauncherCfg\PatchUI\UserAgree.bmp" />
        <browser url="LauncherCfg\UserAgreement.htm" rect="5, 31, 467, 291" bLocal="1" />
        <button>
            <AgreeBtn imagefile="LauncherCfg\PatchUI\Agree.bmp" rect="1, 3, 61, 45" tip="Accept" />
            <DisAgreeBtn imagefile="LauncherCfg\PatchUI\DisAgree.bmp" rect="2, 3, 61, 45" tip="Cancel" />
        </button>
    </AgreementDlgTest>
    <usersettings>
        <setexename path="Bin\setting.exe" />
        <Game_EXE_Name path="Bin\game.exe" />
        <netsettings bigarea="9" nettype="telecom" />
        <firstRunCurVersion URL="http://clienttj.wanmei.com/allgame/?gm=sg&amp;ver=MyClientVersion&amp;flh=0" SentVersion="2028011" />
        <BulletinText NormalURL="http://woi.vision/bulletin.txt" TestURL="http://woi.vision/bulletin.txt" />
        <P2SPDownload MaxDownSpeed="50" MaxUpSpeed="50" />
    </usersettings>
    <stringtable>
        <string code="CC_ERRBOX_CAPTION" text="Error" />
        <string code="CC_ERR_CLIENT_NOT_INSTALLED" text="You must install Arc before you enter game." />
        <string code="CC_ERR_CLIENT_IS_INSTALLING" text="Arc installer is running. Please wait." />
        <string code="CC_ERR_CLIENT_IS_UPDATING" text="Arc is updating. Please wait." />
        <string code="AUTOPATCH_INIT_ERROR" text="WoI Launcher initialization failed. Please try again." />
        <string code="UPDATE_ERROR" text="Update error, please close and try again!" />
        <string code="GAME_RUNNING_CLOSE_STOP" text="Detected existing game. Click Yes to close and start to update, click No to stop update!" />
        <string code="CHECK_CLIENT" text="Detecting game client&apos;s version." />
        <string code="INSTALL_FILE_ERROR" text="Wrong setup information. Please close and try again!" />
        <string code="INSTALL_FILE_INFO" text="Installing files: %s" />
        <string code="MOVE_FILE_ERROR_CODE" text="An error occurred while copying %s to %s. Please close it and try again! Error code: (%u)" />
        <string code="UNZIP_FILE_ERROR_CODE" text="An error occurred while extracting %s to %s. Please close it and try again! Error code: (%u)" />
        <string code="DELETE_OLDFILE_INFO" text="Deleting old files: %s" />
        <string code="SELF_REPAIR" text="Client resources are restoring." />
        <string code="UNZIP_FILE_INFO" text="Extracting files: %s" />
        <string code="UNZIP_FILE_ERROR" text="Error: fail to extract file: %s" />
        <string code="VERIFY_FILE_INFO" text="Checking files: %s" />
        <string code="VERIFY_FILE_ERROR" text="Error: Checking files: %s" />
        <string code="CLIENT_NONEED_REPAIR" text="No need to restore client resources!" />
        <string code="DOWNLOAD_MANUALPATCH_NOTIFY" text="The patch is so big you need to update it manually.\nPlease click Yes to manually download the patch." />
        <string code="AREA_NO_PATCHSERVER" text="Servers in your district have not been updated, please contact customer service." />
        <string code="AUTO_PATCH" text="Updating automatically" />
        <string code="NO_AUTOPATCH_VERSION" text="Sorry, your client is too old to download the patch from %s to %s, please download it again!\nConfirm to force start the game, but doing so may make you unable to log in." />
        <string code="NO_MANUALPATCH_VERSION" text="This manual patch does not support the update from %s to %s version!\nPlease visit the official website to download the correct manual patch again!" />
        <string code="ERROR" text="Error." />
        <string code="CHECK_DOWNLOADED_FILES" text="Visit the WoI website" />
        <string code="FOUND_LASTFILES_CHECKSTATE" text="Check the last downloaded file" />
        <string code="PATCH_SERVER_NOURL" text="Update server address is blank, please contact customer service!" />
        <string code="CHECK_DOWNLOADED_ALLFILES" text="Check all download files" />
        <string code="CHECK_END" text="Check completed" />
        <string code="DELETE_TEMP_FILES" text="Deleting temporary files" />
        <string code="DOWNLOADING_FIELS" text="Waiting, downloading: %s" />
        <string code="REDOWNLOAD_ERRORFILES" text="Download and check incorrect files again: %s" />
        <string code="DOWNLOADING_FIELS_ERROR_CODE" text="Fail to download %s and save it in %s! Error Code: (%d)" />
        <string code="CREATE_ERROR" text="Fail to creat %s!" />
        <string code="DOWNLOADED_ERROR" text="Fail to download %s!" />
        <string code="UNZIP_MANUALFILE" text="Extract manual patch" />
        <string code="UNZIP_MANUALFILE_ERROR" text="An error occurred while extracting the manual patch, please download it again!" />
        <string code="MANUALFILE_ERROR" text="Incomplete manual patch, please download it again!" />
        <string code="MANUALPATCH_NONEED_UPDATE" text="Client version matches manual patch version. No update required!" />
        <string code="MANUALPATCH_PATCHFILE_LIST_ERROR" text="An error occurred while analyzing the patch files!" />
        <string code="DOWNLOADING_ALLINFO" text="Fetching server update info." />
        <string code="UNZIP_UPDATEINFO_ERROR" text="Failed to unpack updateinfo.zip, please close it and try again!" />
        <string code="PARSE_UPDATEINFO_ERROR" text="Failed to parse UpdateInfo.xml, please close it and try again!" />
        <string code="DOWNLOADED_ALLINFO_ERROR" text="Unable to get server update info, please close it and try again!" />
        <string code="DWONLOAD_PARSE_CMPFILE" text="Download and parse differential files." />
        <string code="GET_CLIENTVER_ERROR" text="Unable to parse server version!" />
        <string code="FILE_PARSE_ERROR" text="An error occurred while parsing, please close it and try again!" />
        <string code="CUR_VERSION" text="" />
        <string code="UNKNOWN" text="Unknown" />
        <string code="LATEST_VERSION" text="" />
        <string code="CLICK_START_BTN" text="Matches server version, please click start!" />
        <string code="PARSE_SEVERLIST_ERROR" text="Fail to acquire district list, please close it and try later!" />
        <string code="MANUAL_MD5_ERROR" text="An error occurred while checking patch manually, please download it again and confirm that it&apos;s the most recent version!" />
        <string code="AUTOPATCH_MD5_ERROR" text="An error occurred while checking the manual patch, please restart logger or use manual patch to update!" />
        <string code="WM_INSTALL_ERROR" text="Failed to install patch, please make sure no previous game exists!\nClick Yes to reflect the problem on BBS; Click No to close logger!" />
        <string code="WM_DOWNLOAD_ERROR" text="Downloading error. Please check your network status.\nClick Confirm to go to the website and download the patch manually or click Cancel to close the launcher." />
        <string code="CREATE_SERVERLIST_INI_ERROR" text="Failed to create ServerList.ini, please close it and try again!" />
        <string code="UPDATE_COMPLETE" text="Server update completes!" />
        <string code="RETRY" text="Please close it and try later!" />
        <string code="UPDATE_COMPLETE_RESTART" text="Launcher Update complete. Please click OK to restart launcher!" />
        <string code="WM_AUTOPATCH_STOP" text="Sorry, unable to update automatically for the large patch. Please download and use manual patch to update!" />
        <string code="MANUAL_PATCH_DIALOG_FILE_FORMAT" text="WoI Manual Patch(*.exe)|*.exe|All Files(*.*)|*.*||" />
        <string code="SELECT_AREA" text="Please choose your region!" />
        <string code="TO_NEW_VERSION" text="Server version %s is higher than client version. Need to update!" />
        <string code="TO_OLD_VERSION" text="Server version %s is lower than client version. Need to update!" />
        <string code="START_GAME_TIMEOUT" text="Time out. Please try again!" />
        <string code="START_GAME_ERROR" text="Failed to launch the client, please try again.\nIf you still can&apos;t start the game, contact customer service: Error Code: (%u--%u).\nClick Yes to reflect the problem on BBS; Click No to try again!" />
        <string code="LAUNCHER_NAME" text="Launcher" />
        <string code="RESTORE_WINDOW" text="Restore logger" />
        <string code="EXIT_LAUNCHER" text="Close logger" />
        <string code="DELETE_LAUNCHER_ERROR" text="Unable to replace new version %s automatically, please delete this file manually\r\nPlease rename %s as %s, close it and try again!" />
        <string code="PACK_FINISH" text="Pack completes!" />
        <string code="PACK_FILE_INFO" text="Packing files: %s" />
        <string code="PACK_CONFIRM" text="Resource optimization will optimize your client. After optimization, files and occupied space will be greatly reduced.\nThe progress takes a while, please be patient. Please do not restart your computer while optimizing.\nPlease click OK to begin optimization." />
        <!--下面是内部使用字符串，请勿更改-->
        <string code="FILE_NOT_FIND" text="Not found file %s." />
        <string code="FIND_VERSION_FILE_PARSE" text="Find file %s. Get the latest version of manual patch: %s" />
        <string code="MANUAL_PATCH" text="Manual update" />
        <string code="AUTO_REPAIR_CLIENT" text="Autofix" />
        <string code="GET_ALL_UPDATEINFO" text="Receiving update info." />
        <string code="DEBUG_NOTIFY" text="N/A正在运行调试版" />
        <string code="DEBUG_DOWNLOAD_INFO" text="Actual download files are %u, size: %uKB, proceed?" />
        <string code="PATCH_EXCEPTION_ERROR_INFO" text="Error code: [%d] %s" />
        <string code="USER_CANCEL_DOWNLOAD" text="Client download cancelled" />
        <string code="USER_STOPDOWNLOAD_QUIT" text="Client closed" />
        <string code="VERSION" text="Version" />
        <string code="UNZIP_FILE_ERROR_CODE" text="Error when reading %s for %s. Please retry! Error ID: (%u)" />
        <string code="OPEN_SQP_UPDATE_ERROR" text="Error opening the Resource Pack. Please retry! Error ID: (%u)" />
        <string code="DELETE_OLDFILE_ERROR" text="Error deleting file %s!" />
        <string code="OPEN_SQP_VERIFY_ERROR" text="Error verifying the Resource Pack. Please retry! Error ID: (%u)" />
        <string code="VERIFY_INSTALLED_MD5_ERROR" text="Error verifying the installation file. Please retry." />
        <string code="START_GAME" text="Launching Game..." />
        <string code="DOWNLOAD_BULLETIN" text="Downloading news..." />
        <string code="AUTOPATCH_INIT_ERROR" text="Auto-patching initialization failure." />
        <string code="REPAIR_CLIENT" text="Restore Client" />
        <string code="DOWNLOADING_FIELS_NEW" text="Downloading %s. Size: %dKB. Speed: %.1fKB/S" />
        <string code="GAME_IS_RUNNING" text="Game running...can&apos;t update now." />
    </stringtable>
    <ManualUpdateURL NormalURL="http://sgsj.wanmei.com/download/index.shtml" TestUpdateURL="http://sgsj.wanmei.com/download/patch/index.shtml" TestRollbackURL="http://sgsj.wanmei.com/download/patch/index.shtml" />
    <ManualSection>
        <!--通用手动更新包-->
        <verurl start="2021510" end="2021710" url="http://sgsj.wanmei.com/download/client/index.shtml" />
        <!--过渡手动更新包-->
        <verurl start="2021510" end="2021710" url="http://sgsj.wanmei.com/download/client/index.shtml" />
        <!--最新手动更新包-->
        <verurl start="2021710" end="2021810" url="http://sgsj.wanmei.com/download/client/index.shtml" />
    </ManualSection>
</root>
