<?xml version="1.0" encoding="utf-8" standalone="yes" ?>
<root>
    <window caption="WoI">
        <image file="LauncherCfg\PatchUI\bg.bmp" />
        <rect value="0,0,0,0" />
    </window>
    <VersionFont position="394,131" size="14,0" style="Arial" color="150,150,150" />
    <InformationFont position="70,560" size="14,0" style="Arial" color="150,150,150" />
    <button>
        <style name="ok">
            <image file="LauncherCfg\PatchUI\btn_ok.bmp" />
            <rect value="531, 571, 110, 40" />
            <tip value="Start" />
        </style>
        <style name="exit">
            <image file="LauncherCfg\PatchUI\btn_exit.bmp" />
            <rect value="665, 134, 21, 21" />
            <tip value="Exit Game" />
        </style>
        <style name="minimize">
            <image file="LauncherCfg\PatchUI\btn_minimize.bmp" />
            <rect value="642, 134, 21, 21" />
            <tip value="Minimize" />
        </style>
        <style name="set">
            <image file="LauncherCfg\PatchUI\btn_set.bmp" />
            <rect value="477, 571, 50, 40" />
            <tip value="Gameplay" />
        </style>
        <style name="regedit">
            <image file="LauncherCfg\PatchUI\btn_regedit.bmp" />
            <rect value="5, 83, 87, 25" />
            <tip value="To Register Page" />
            <href value="http://passport.wanmei.com/jsp/member/register.jsp" />
        </style>
        <style name="offical">
            <image file="LauncherCfg\PatchUI\btn_offical.bmp" />
            <rect value="448, 305, 145, 28" />
            <tip value="To WoI Online Official Website" />
            <href value="http://sgcq.wanmei.com/" />
        </style>
        <style name="forum">
            <image file="LauncherCfg\PatchUI\btn_forum.bmp" />
            <rect value="441, 83, 87, 25" />
            <tip value="To WoI Online Forum" />
            <href value="http://bbs.sgcq.wanmei.com/" />
        </style>
        <style name="service">
            <image file="LauncherCfg\PatchUI\btn_service.bmp" />
            <rect value="354, 83, 87, 25" />
            <tip value="To PW Customer Service" />
            <href value="http://cs.wanmei.com/" />
        </style>
        <style name="pay">
            <image file="LauncherCfg\PatchUI\btn_pay.bmp" />
            <rect value="92, 83, 87, 25" />
            <tip value="Charge" />
            <href value="http://pay.wanmei.com/e/epage/setup_2_sgcq.html" />
        </style>
        <style name="patch">
            <image file="LauncherCfg\PatchUI\btn_patch.bmp" />
            <rect value="383, 560, 89, 18" />
            <tip value="Manually install patch" />
        </style>
        <style name="area1">
            <image file="LauncherCfg\PatchUI\btn_select1.bmp" />
            <rect value="435, 386, 179, 28" />
            <tip value="" />
        </style>
        <style name="area2">
            <image file="LauncherCfg\PatchUI\btn_select2.bmp" />
            <rect value="435, 414, 179, 28" />
            <tip value="" />
        </style>
        <style name="area3">
            <image file="LauncherCfg\PatchUI\btn_select3.bmp" />
            <rect value="435, 442, 179, 28" />
            <tip value="" />
        </style>
        <style name="area4">
            <image file="LauncherCfg\PatchUI\btn_select4.bmp" />
            <rect value="435, 470, 179, 28" />
            <tip value="" />
        </style>
        <style name="area5">
            <image file="LauncherCfg\PatchUI\btn_select5.bmp" />
            <rect value="435, 498, 179, 28" />
            <tip value="" />
        </style>
    </button>
    <progressbar>
        <image file="LauncherCfg\PatchUI\progressbar.bmp" />
        <position value="70, 582" />
    </progressbar>
    <progressbar2>
        <image file="LauncherCfg\PatchUI\progressBar2.bmp" />
        <position value="70, 590" />
    </progressbar2>
    <browser href="http://sgcq.wanmei.com/launcher/">
        <rect value="14, 330, 371, 207" />
    </browser>
    <setexename path="Bin\setting.exe" />
    <Game_EXE_Name path="Bin\game.exe" />
    <usersettings>
        <selectserver bigarea="0" server="1" selectagree="1" />
        <control mode="2" />
        <smallmap scale="0.000000" />
    </usersettings>
    <firstRunCurVersion URL="http://clienttj.wanmei.com/allgame/?gm=sg&amp;ver=MyClientVersion&amp;flh=0" SentVersion="" />
</root>
