<?xml version="1.0" encoding="utf-8" ?>
<Root>

  <!--Đường dẫn tải thông tin UPDATE-->
    <EmergencyUpdate>
      <LauncherZip URL="http://51.254.44.137/Update/launcher.zip" ExeMD5="" />
      <VersionForced version1="" version2="" version3=""/>
    </EmergencyUpdate>

    <!--Phiên Bản mới nhất-->
    <LatestVersion>1404294</LatestVersion>

    <!--Thông Báo tại màng hình Login-->
    <BulletinText LatestVersion="" URL="" TestLatestVersion="" TestURL=""/>

    <!--Danh sách Máy Chủ-->
    <AreaList>
        <Area name="~Eǿ" index="1" CurVersion="">  
          <PatchServer url="http://51.254.44.137/update/" port="" maxsize="1500" Clientdir="Patchs/" Xmlfiledir="Versioncmpfiles/" /> 
            <Loginserver ip="51.254.44.137" port="30002" zoneid="1" name="WOI^ENDGAME"/>
        </Area>
    </AreaList>


</Root>