﻿<?xml version="1.0" encoding="utf-8" ?>
<Root>
    <Version>
        <LastVersion>1404294</LastVersion>
        <CurVersion>1404293</CurVersion>
        <ClientVer>1.1.0</ClientVer>
        <BulletinVersion>1110210</BulletinVersion>
        <DownloadedFileVersion>1110210</DownloadedFileVersion>
    </Version>
    <ManualUpdateURL NormalURL="" TestUpdateURL="" TestRollbackURL="" />
    <InternetUpdate>
        <Telecom>
            <UpdateInfoURL>http://51.254.44.137/update/newupdateinfo.zip</UpdateInfoURL>
        </Telecom>
        <Netcom>
            <UpdateInfoURL>http://51.254.44.137/update/newupdateinfo.zip</UpdateInfoURL>
        </Netcom>
    </InternetUpdate>
    <RDTest>
        <Telecom>
            <UpdateInfoURL>http://51.254.44.137/update/newupdateinfo.zip</UpdateInfoURL>
        </Telecom>
        <Netcom>
            <UpdateInfoURL>http://51.254.44.137/update/newupdateinfo.zip</UpdateInfoURL>
        </Netcom>
    </RDTest>
</Root>
