<?xml version="1.0" encoding="UTF-8" standalone="NO" ?>
<Revision>
    <Version interversion="1404291" publicversion="1.1.0" prevversion="1404290">
		<upgrade filename="patcher_1404290_1404291.exe" size="3452928" checktype="md5" checksum="353a3c620f537c89594c3a8f39f4c122" />
		<degrade filename="" size="0" checktype="md5" checksum="" />
    </Version>

    <Version interversion="1404292" publicversion="1.1.0" prevversion="1404291">
		<upgrade filename="patcher_1404291_1404292.exe" size="3452928" checktype="md5" checksum="6e8f5394db19fd7aaec5aba772a0f8a2" />
		<degrade filename="patcher_1404290_1404291.exe" size="3452928" checktype="md5" checksum="353a3c620f537c89594c3a8f39f4c122" />
    </Version>

    <Version interversion="1404293" publicversion="1.1.0" prevversion="1404292">
		<upgrade filename="patcher_1404292_1404293.exe" size="495616" checktype="md5" checksum="cc0806f17cdfa9998cbebc8827458bb8" />
		<degrade filename="patcher_1404291_1404292.exe" size="3452928" checktype="md5" checksum="6e8f5394db19fd7aaec5aba772a0f8a2" />
    </Version>

</Revision>