<?xml version="1.0" encoding="UTF-8" standalone="NO" ?>
<Revision>
    <Version interversion="1404291" publicversion="1.1.0" prevversion="1404290">
		<upgrade filename="patcher_1404290_1404291.exe" size="3452928" checktype="md5" checksum="353a3c620f537c89594c3a8f39f4c122" />
		<degrade filename="" size="0" checktype="md5" checksum="" />
    </Version>

    <Version interversion="1404292" publicversion="1.1.0" prevversion="1404291">
		<upgrade filename="patcher_1404291_1404292.exe" size="3452928" checktype="md5" checksum="6e8f5394db19fd7aaec5aba772a0f8a2" />
		<degrade filename="patcher_1404290_1404291.exe" size="3452928" checktype="md5" checksum="353a3c620f537c89594c3a8f39f4c122" />
    </Version>

    <Version interversion="1404293" publicversion="1.1.0" prevversion="1404292">
		<upgrade filename="patcher_1404292_1404293.exe" size="495616" checktype="md5" checksum="cc0806f17cdfa9998cbebc8827458bb8" />
		<degrade filename="patcher_1404291_1404292.exe" size="3452928" checktype="md5" checksum="6e8f5394db19fd7aaec5aba772a0f8a2" />
    </Version>

    <Version interversion="1404294" publicversion="1.1.0" prevversion="1404293">
		<upgrade filename="patcher_1404293_1404294.exe" size="2379776" checktype="md5" checksum="06d3e408b4414606f8d9cc67bfd341e6" />
		<degrade filename="patcher_1404292_1404293.exe" size="495616" checktype="md5" checksum="cc0806f17cdfa9998cbebc8827458bb8" />
    </Version>

    <Version interversion="20250204" publicversion="1.1.0" prevversion="20250203">
		<upgrade filename="patcher_20250203_20250204.exe" size="2379776" checktype="md5" checksum="9672f39d42869bf017250771135a7767" />
		<degrade filename="patcher_1404293_1404294.exe" size="2379776" checktype="md5" checksum="06d3e408b4414606f8d9cc67bfd341e6" />
    </Version>

    <Version interversion="20250205" publicversion="1.1.0" prevversion="20250204">
		<upgrade filename="patcher_20250204_20250205.exe" size="2379776" checktype="md5" checksum="62ff136e3aaa4f99c755166fc6630168" />
		<degrade filename="patcher_20250203_20250204.exe" size="2379776" checktype="md5" checksum="9672f39d42869bf017250771135a7767" />
    </Version>

</Revision>